w_judge,w_fan,fairness,stability,entertainment,total
0.3004975831373591,0.6995024168626409,0.9999999999999998,1.0,0.6995024168626409,2.6995024168626407
