w_judge,w_fan,fairness,stability,entertainment,total
0.30097757002963355,0.6990224299703665,0.9999999999999998,1.0,0.6990224299703665,2.6990224299703662
