age,placement,avg_score
<25,4.7611940298507465,27.938409602366956
25-35,5.62962962962963,25.110892803190637
35-45,7.07,23.425829470346322
45-55,8.764705882352942,22.825431635366268
55+,9.549019607843137,19.960488426491807
